Nome_da_Imagem,PID,Uso_de_CPU,Uso_de_MEM
/sbin/init splash,1,0.0,0.1
[irq/36-ASUF1200:00],205,0.1,0.0
[irq/79-rtw88_pci],782,0.8,0.0
/usr/libexec/gnome-remote-desktop-daemon --system,980,0.0,0.2
/usr/lib/polkit-1/polkitd --no-debug,989,0.0,0.1
/usr/lib/snapd/snapd,1001,0.0,0.3
/usr/libexec/accounts-daemon,1008,0.0,0.1
/usr/libexec/udisks2/udisksd,1020,0.0,0.1
/usr/sbin/wpa_supplicant -u -s -O DIR=/run/wpa_supplicant GROUP=netdev,1042,0.0,0.1
/usr/sbin/ModemManager,1182,0.0,0.1
/usr/sbin/cupsd -l,1618,0.0,0.1
/usr/bin/python3 /usr/share/unattended-upgrades/unattended-upgrade-shutdown --wait-for-signal,1626,0.0,0.1
/usr/sbin/gdm3,1642,0.0,0.1
/usr/sbin/mysqld,1651,0.7,0.3
/usr/libexec/colord,1872,0.0,0.1
/usr/libexec/upowerd,1925,0.0,0.1
gdm-session-worker [pam/gdm-password],2303,0.0,0.1
/usr/sbin/cups-browsed,2328,0.0,0.2
/usr/bin/pipewire,2370,0.0,0.1
/usr/bin/wireplumber,2376,0.0,0.1
/usr/bin/pipewire-pulse,2377,0.0,0.1
"/usr/bin/gnome-keyring-daemon --foreground --components=pkcs11,secrets --control-directory=/run/user/1000/keyring",2382,0.0,0.1
/usr/libexec/xdg-document-portal,2416,0.0,0.1
/usr/libexec/gnome-session-binary --session=ubuntu,2466,0.0,0.2
/usr/libexec/gvfsd,2566,0.0,0.1
/usr/libexec/gvfsd-fuse /run/user/1000/gvfs -f,2576,0.0,0.1
/usr/libexec/at-spi-bus-launcher --launch-immediately,2609,0.0,0.1
/usr/libexec/at-spi2-registryd --use-gnome-session,2703,0.0,0.1
/usr/libexec/evolution-source-registry,2730,0.0,0.4
/usr/bin/ibus-daemon --panel disable,2768,0.0,0.1
/usr/libexec/gsd-color,2773,0.0,0.2
/usr/libexec/gsd-datetime,2775,0.0,0.1
/usr/libexec/gsd-housekeeping,2778,0.0,0.1
/usr/libexec/gsd-keyboard,2780,0.0,0.2
/usr/libexec/gsd-media-keys,2788,0.0,0.2
/usr/libexec/gsd-power,2798,0.0,0.3
/usr/libexec/gsd-print-notifications,2799,0.0,0.1
/usr/libexec/gsd-sharing,2805,0.0,0.1
/usr/libexec/gsd-smartcard,2806,0.0,0.1
/usr/libexec/gsd-sound,2822,0.0,0.1
/usr/libexec/gsd-wacom,2823,0.0,0.2
/usr/libexec/goa-daemon,2834,0.0,0.2
/usr/libexec/gvfs-udisks2-volume-monitor,2836,0.0,0.1
/usr/libexec/ibus-extension-gtk3,2878,0.0,0.3
/usr/libexec/evolution-data-server/evolution-alarm-notify,2880,0.0,0.7
/usr/libexec/gsd-disk-utility-notify,2891,0.0,0.1
/usr/libexec/gsd-printer,2950,0.0,0.1
/usr/libexec/evolution-calendar-factory,2961,0.0,0.3
/usr/libexec/goa-identity-service,2966,0.0,0.1
/usr/libexec/evolution-addressbook-factory,3014,0.0,0.3
/usr/libexec/gvfs-afc-volume-monitor,3019,0.0,0.1
/usr/libexec/gvfsd-trash --spawner :1.20 /org/gtk/gvfs/exec_spaw/0,3086,0.0,0.1
/usr/libexec/xdg-desktop-portal,3107,0.0,0.1
/usr/libexec/tracker-miner-fs-3,3117,0.0,0.3
/usr/libexec/xdg-desktop-portal-gnome,3118,0.0,0.7
/usr/libexec/xdg-desktop-portal-gtk,3175,0.0,0.3
/opt/google/chrome/chrome,3346,1.7,4.2
"/opt/google/chrome/chrome --type=zygote --no-zygote-sandbox --crashpad-handler-pid=3355 --enable-crash-reporter=8b10cd0d-15a0-4234-8b4b-6bab8b94fc33, --change-stack-guard-on-fork=enable",3363,0.0,0.3
"/opt/google/chrome/chrome --type=zygote --crashpad-handler-pid=3355 --enable-crash-reporter=8b10cd0d-15a0-4234-8b4b-6bab8b94fc33, --change-stack-guard-on-fork=enable",3364,0.0,0.4
"/opt/google/chrome/chrome --type=zygote --crashpad-handler-pid=3355 --enable-crash-reporter=8b10cd0d-15a0-4234-8b4b-6bab8b94fc33, --change-stack-guard-on-fork=enable",3366,0.0,0.1
/usr/bin/Xwayland :0 -rootless -noreset -accessx -core -auth /run/user/1000/.mutter-Xwaylandauth.FXCBV2 -listenfd 4 -listenfd 5 -displayfd 6 -initfd 7 -byteswappedclients,3377,0.7,1.0
/usr/libexec/gsd-xsettings,3396,0.0,0.3
/usr/libexec/ibus-x11,3423,0.0,0.2
/usr/libexec/mutter-x11-frames,3428,0.1,0.7
"/opt/google/chrome/chrome --type=gpu-process --crashpad-handler-pid=3355 --enable-crash-reporter=8b10cd0d-15a0-4234-8b4b-6bab8b94fc33, --no-subproc-heap-profiling --change-stack-guard-on-fork=enable --gpu-preferences=UAAAAAAAAAAgAAAEAAAAAAAAAAAAAAAAAABgAAEAAAAAAAAAAAAAAAAAAAAAAAAAAAAAAAAAAAAAAAAAAQAAABAAAAAAAAAAEAAAAAAAAAAIAAAAAAAAAAgAAAAAAAAA --shared-files --field-trial-handle=3,i,1961645204210501973,13128361347025085384,262144 --disable-features=EyeDropper --variations-seed-version=20241010-050112.459000",3466,1.3,2.5
"/opt/google/chrome/chrome --type=utility --utility-sub-type=network.mojom.NetworkService --lang=pt-BR --service-sandbox-type=none --crashpad-handler-pid=3355 --enable-crash-reporter=8b10cd0d-15a0-4234-8b4b-6bab8b94fc33, --no-subproc-heap-profiling --change-stack-guard-on-fork=enable --shared-files=v8_context_snapshot_data:100 --field-trial-handle=3,i,1961645204210501973,13128361347025085384,262144 --disable-features=EyeDropper --variations-seed-version=20241010-050112.459000",3468,0.4,1.3
"/opt/google/chrome/chrome --type=utility --utility-sub-type=storage.mojom.StorageService --lang=pt-BR --service-sandbox-type=utility --crashpad-handler-pid=3355 --enable-crash-reporter=8b10cd0d-15a0-4234-8b4b-6bab8b94fc33, --no-subproc-heap-profiling --change-stack-guard-on-fork=enable --shared-files=v8_context_snapshot_data:100 --field-trial-handle=3,i,1961645204210501973,13128361347025085384,262144 --disable-features=EyeDropper --variations-seed-version=20241010-050112.459000",3478,0.0,0.7
"/opt/google/chrome/chrome --type=renderer --crashpad-handler-pid=3355 --enable-crash-reporter=8b10cd0d-15a0-4234-8b4b-6bab8b94fc33, --no-subproc-heap-profiling --change-stack-guard-on-fork=enable --lang=pt-BR --num-raster-threads=4 --enable-main-frame-before-activation --renderer-client-id=17 --time-ticks-at-unix-epoch=-1728650763873607 --launch-time-ticks=22285481 --shared-files=v8_context_snapshot_data:100 --field-trial-handle=3,i,1961645204210501973,13128361347025085384,262144 --disable-features=EyeDropper --variations-seed-version=20241010-050112.459000",3533,0.7,2.4
"/opt/google/chrome/chrome --type=renderer --crashpad-handler-pid=3355 --enable-crash-reporter=8b10cd0d-15a0-4234-8b4b-6bab8b94fc33, --no-subproc-heap-profiling --change-stack-guard-on-fork=enable --lang=pt-BR --num-raster-threads=4 --enable-main-frame-before-activation --renderer-client-id=27 --time-ticks-at-unix-epoch=-1728650763873607 --launch-time-ticks=24657273 --shared-files=v8_context_snapshot_data:100 --field-trial-handle=3,i,1961645204210501973,13128361347025085384,262144 --disable-features=EyeDropper --variations-seed-version=20241010-050112.459000",3633,0.0,1.3
"/opt/google/chrome/chrome --type=renderer --crashpad-handler-pid=3355 --enable-crash-reporter=8b10cd0d-15a0-4234-8b4b-6bab8b94fc33, --no-subproc-heap-profiling --change-stack-guard-on-fork=enable --lang=pt-BR --num-raster-threads=4 --enable-main-frame-before-activation --renderer-client-id=6 --time-ticks-at-unix-epoch=-1728650763873607 --launch-time-ticks=26307127 --shared-files=v8_context_snapshot_data:100 --field-trial-handle=3,i,1961645204210501973,13128361347025085384,262144 --disable-features=EyeDropper --variations-seed-version=20241010-050112.459000",3688,0.0,1.9
"/opt/google/chrome/chrome --type=renderer --crashpad-handler-pid=3355 --enable-crash-reporter=8b10cd0d-15a0-4234-8b4b-6bab8b94fc33, --no-subproc-heap-profiling --change-stack-guard-on-fork=enable --lang=pt-BR --num-raster-threads=4 --enable-main-frame-before-activation --renderer-client-id=19 --time-ticks-at-unix-epoch=-1728650763873607 --launch-time-ticks=26315549 --shared-files=v8_context_snapshot_data:100 --field-trial-handle=3,i,1961645204210501973,13128361347025085384,262144 --disable-features=EyeDropper --variations-seed-version=20241010-050112.459000",3692,0.4,3.9
"/opt/google/chrome/chrome --type=renderer --crashpad-handler-pid=3355 --enable-crash-reporter=8b10cd0d-15a0-4234-8b4b-6bab8b94fc33, --no-subproc-heap-profiling --change-stack-guard-on-fork=enable --lang=pt-BR --num-raster-threads=4 --enable-main-frame-before-activation --renderer-client-id=14 --time-ticks-at-unix-epoch=-1728650763873607 --launch-time-ticks=26322151 --shared-files=v8_context_snapshot_data:100 --field-trial-handle=3,i,1961645204210501973,13128361347025085384,262144 --disable-features=EyeDropper --variations-seed-version=20241010-050112.459000",3697,0.0,2.2
"/opt/google/chrome/chrome --type=renderer --crashpad-handler-pid=3355 --enable-crash-reporter=8b10cd0d-15a0-4234-8b4b-6bab8b94fc33, --no-subproc-heap-profiling --change-stack-guard-on-fork=enable --lang=pt-BR --num-raster-threads=4 --enable-main-frame-before-activation --renderer-client-id=11 --time-ticks-at-unix-epoch=-1728650763873607 --launch-time-ticks=26329934 --shared-files=v8_context_snapshot_data:100 --field-trial-handle=3,i,1961645204210501973,13128361347025085384,262144 --disable-features=EyeDropper --variations-seed-version=20241010-050112.459000",3701,0.4,5.1
"/opt/google/chrome/chrome --type=renderer --crashpad-handler-pid=3355 --enable-crash-reporter=8b10cd0d-15a0-4234-8b4b-6bab8b94fc33, --no-subproc-heap-profiling --change-stack-guard-on-fork=enable --lang=pt-BR --num-raster-threads=4 --enable-main-frame-before-activation --renderer-client-id=15 --time-ticks-at-unix-epoch=-1728650763873607 --launch-time-ticks=27896804 --shared-files=v8_context_snapshot_data:100 --field-trial-handle=3,i,1961645204210501973,13128361347025085384,262144 --disable-features=EyeDropper --variations-seed-version=20241010-050112.459000",3747,0.5,4.0
/usr/libexec/gvfsd-network --spawner :1.20 /org/gtk/gvfs/exec_spaw/1,3789,0.0,0.1
/usr/libexec/gvfsd-recent --spawner :1.20 /org/gtk/gvfs/exec_spaw/2,3790,0.0,0.1
/usr/libexec/gvfsd-dnssd --spawner :1.20 /org/gtk/gvfs/exec_spaw/4,3816,0.0,0.1
"/opt/google/chrome/chrome --type=renderer --crashpad-handler-pid=3355 --enable-crash-reporter=8b10cd0d-15a0-4234-8b4b-6bab8b94fc33, --no-subproc-heap-profiling --change-stack-guard-on-fork=enable --lang=pt-BR --num-raster-threads=4 --enable-main-frame-before-activation --renderer-client-id=22 --time-ticks-at-unix-epoch=-1728650763873607 --launch-time-ticks=29445791 --shared-files=v8_context_snapshot_data:100 --field-trial-handle=3,i,1961645204210501973,13128361347025085384,262144 --disable-features=EyeDropper --variations-seed-version=20241010-050112.459000",3846,0.2,3.6
"/opt/google/chrome/chrome --type=utility --utility-sub-type=audio.mojom.AudioService --lang=pt-BR --service-sandbox-type=none --crashpad-handler-pid=3355 --enable-crash-reporter=8b10cd0d-15a0-4234-8b4b-6bab8b94fc33, --no-subproc-heap-profiling --change-stack-guard-on-fork=enable --shared-files=v8_context_snapshot_data:100 --field-trial-handle=3,i,1961645204210501973,13128361347025085384,262144 --disable-features=EyeDropper --variations-seed-version=20241010-050112.459000",3869,0.0,0.6
"/opt/google/chrome/chrome --type=renderer --crashpad-handler-pid=3355 --enable-crash-reporter=8b10cd0d-15a0-4234-8b4b-6bab8b94fc33, --no-subproc-heap-profiling --change-stack-guard-on-fork=enable --lang=pt-BR --num-raster-threads=4 --enable-main-frame-before-activation --renderer-client-id=24 --time-ticks-at-unix-epoch=-1728650763873607 --launch-time-ticks=32996027 --shared-files=v8_context_snapshot_data:100 --field-trial-handle=3,i,1961645204210501973,13128361347025085384,262144 --disable-features=EyeDropper --variations-seed-version=20241010-050112.459000",3876,0.0,2.0
"/opt/google/chrome/chrome --type=renderer --crashpad-handler-pid=3355 --enable-crash-reporter=8b10cd0d-15a0-4234-8b4b-6bab8b94fc33, --no-subproc-heap-profiling --change-stack-guard-on-fork=enable --lang=pt-BR --num-raster-threads=4 --enable-main-frame-before-activation --renderer-client-id=20 --time-ticks-at-unix-epoch=-1728650763873607 --launch-time-ticks=37358300 --shared-files=v8_context_snapshot_data:100 --field-trial-handle=3,i,1961645204210501973,13128361347025085384,262144 --disable-features=EyeDropper --variations-seed-version=20241010-050112.459000",3914,1.7,3.7
"/opt/google/chrome/chrome --type=renderer --crashpad-handler-pid=3355 --enable-crash-reporter=8b10cd0d-15a0-4234-8b4b-6bab8b94fc33, --no-subproc-heap-profiling --change-stack-guard-on-fork=enable --lang=pt-BR --num-raster-threads=4 --enable-main-frame-before-activation --renderer-client-id=31 --time-ticks-at-unix-epoch=-1728650763873607 --launch-time-ticks=38448065 --shared-files=v8_context_snapshot_data:100 --field-trial-handle=3,i,1961645204210501973,13128361347025085384,262144 --disable-features=EyeDropper --variations-seed-version=20241010-050112.459000",3929,0.0,2.1
"/opt/google/chrome/chrome --type=renderer --crashpad-handler-pid=3355 --enable-crash-reporter=8b10cd0d-15a0-4234-8b4b-6bab8b94fc33, --no-subproc-heap-profiling --change-stack-guard-on-fork=enable --lang=pt-BR --num-raster-threads=4 --enable-main-frame-before-activation --renderer-client-id=16 --time-ticks-at-unix-epoch=-1728650763873607 --launch-time-ticks=40734639 --shared-files=v8_context_snapshot_data:100 --field-trial-handle=3,i,1961645204210501973,13128361347025085384,262144 --disable-features=EyeDropper --variations-seed-version=20241010-050112.459000",3944,0.0,2.1
"/opt/google/chrome/chrome --type=renderer --crashpad-handler-pid=3355 --enable-crash-reporter=8b10cd0d-15a0-4234-8b4b-6bab8b94fc33, --no-subproc-heap-profiling --change-stack-guard-on-fork=enable --lang=pt-BR --num-raster-threads=4 --enable-main-frame-before-activation --renderer-client-id=32 --time-ticks-at-unix-epoch=-1728650763873607 --launch-time-ticks=40936790 --shared-files=v8_context_snapshot_data:100 --field-trial-handle=3,i,1961645204210501973,13128361347025085384,262144 --disable-features=EyeDropper --variations-seed-version=20241010-050112.459000",3953,0.0,1.4
"/opt/google/chrome/chrome --type=renderer --crashpad-handler-pid=3355 --enable-crash-reporter=8b10cd0d-15a0-4234-8b4b-6bab8b94fc33, --no-subproc-heap-profiling --change-stack-guard-on-fork=enable --lang=pt-BR --num-raster-threads=4 --enable-main-frame-before-activation --renderer-client-id=10 --time-ticks-at-unix-epoch=-1728650763873607 --launch-time-ticks=46006725 --shared-files=v8_context_snapshot_data:100 --field-trial-handle=3,i,1961645204210501973,13128361347025085384,262144 --disable-features=EyeDropper --variations-seed-version=20241010-050112.459000",3995,0.1,1.9
"/opt/google/chrome/chrome --type=renderer --crashpad-handler-pid=3355 --enable-crash-reporter=8b10cd0d-15a0-4234-8b4b-6bab8b94fc33, --no-subproc-heap-profiling --change-stack-guard-on-fork=enable --lang=pt-BR --num-raster-threads=4 --enable-main-frame-before-activation --renderer-client-id=35 --time-ticks-at-unix-epoch=-1728650763873607 --launch-time-ticks=47318499 --shared-files=v8_context_snapshot_data:100 --field-trial-handle=3,i,1961645204210501973,13128361347025085384,262144 --disable-features=EyeDropper --variations-seed-version=20241010-050112.459000",4012,0.2,3.9
/usr/bin/update-notifier,4057,0.0,0.4
"/opt/google/chrome/chrome --type=renderer --crashpad-handler-pid=3355 --enable-crash-reporter=8b10cd0d-15a0-4234-8b4b-6bab8b94fc33, --no-subproc-heap-profiling --change-stack-guard-on-fork=enable --lang=pt-BR --num-raster-threads=4 --enable-main-frame-before-activation --renderer-client-id=37 --time-ticks-at-unix-epoch=-1728650763873607 --launch-time-ticks=79648068 --shared-files=v8_context_snapshot_data:100 --field-trial-handle=3,i,1961645204210501973,13128361347025085384,262144 --disable-features=EyeDropper --variations-seed-version=20241010-050112.459000",4117,0.0,1.6
"/opt/google/chrome/chrome --type=renderer --crashpad-handler-pid=3355 --enable-crash-reporter=8b10cd0d-15a0-4234-8b4b-6bab8b94fc33, --no-subproc-heap-profiling --change-stack-guard-on-fork=enable --lang=pt-BR --num-raster-threads=4 --enable-main-frame-before-activation --renderer-client-id=45 --time-ticks-at-unix-epoch=-1728650763873607 --launch-time-ticks=103392219 --shared-files=v8_context_snapshot_data:100 --field-trial-handle=3,i,1961645204210501973,13128361347025085384,262144 --disable-features=EyeDropper --variations-seed-version=20241010-050112.459000",4185,0.0,1.4
/usr/libexec/fwupd/fwupd,4503,0.0,1.9
/snap/snapd-desktop-integration/253/usr/bin/snapd-desktop-integration,4878,0.0,0.1
/usr/bin/nautilus --gapplication-service,5276,0.0,1.3
/usr/bin/gnome-text-editor /home/diego-campos/Anotações.txt,5464,0.0,0.6
"/opt/google/chrome/chrome --type=renderer --crashpad-handler-pid=3355 --enable-crash-reporter=8b10cd0d-15a0-4234-8b4b-6bab8b94fc33, --no-subproc-heap-profiling --change-stack-guard-on-fork=enable --lang=pt-BR --num-raster-threads=4 --enable-main-frame-before-activation --renderer-client-id=73 --time-ticks-at-unix-epoch=-1728650763873607 --launch-time-ticks=3584595893 --shared-files=v8_context_snapshot_data:100 --field-trial-handle=3,i,1961645204210501973,13128361347025085384,262144 --disable-features=EyeDropper --variations-seed-version=20241010-050112.459000",6478,0.1,2.3
/snap/code/172/usr/share/code/code --no-sandbox --force-user-env,7013,0.6,2.0
/snap/code/172/usr/share/code/code --type=zygote --no-zygote-sandbox --no-sandbox,7015,0.0,0.5
/snap/code/172/usr/share/code/code --type=zygote --no-sandbox,7016,0.0,0.5
"/snap/code/172/usr/share/code/code --type=utility --utility-sub-type=network.mojom.NetworkService --lang=en-US --service-sandbox-type=none --no-sandbox --crashpad-handler-pid=7034 --enable-crash-reporter=f43a84bf-cb7d-40f5-a6b6-f2e9f32d4c29,no_channel --user-data-dir=/home/diego-campos/.config/Code --standard-schemes=vscode-webview,vscode-file --secure-schemes=vscode-webview,vscode-file --cors-schemes=vscode-webview,vscode-file --fetch-schemes=vscode-webview,vscode-file --service-worker-schemes=vscode-webview --code-cache-schemes=vscode-webview,vscode-file --shared-files=v8_context_snapshot_data:100 --field-trial-handle=3,i,15083453265058289009,12209033392777356961,262144 --enable-features=kWebSQLAccess --disable-features=CalculateNativeWinOcclusion,SpareRendererForSitePerProcess --variations-seed-version",7062,0.0,0.7
"/snap/code/172/usr/share/code/code --type=renderer --crashpad-handler-pid=7034 --enable-crash-reporter=f43a84bf-cb7d-40f5-a6b6-f2e9f32d4c29,no_channel --user-data-dir=/home/diego-campos/.config/Code --standard-schemes=vscode-webview,vscode-file --secure-schemes=vscode-webview,vscode-file --cors-schemes=vscode-webview,vscode-file --fetch-schemes=vscode-webview,vscode-file --service-worker-schemes=vscode-webview --code-cache-schemes=vscode-webview,vscode-file --app-path=/snap/code/172/usr/share/code/resources/app --enable-sandbox --enable-blink-features=HighlightAPI --no-sandbox --disable-blink-features=FontMatchingCTMigration, --lang=en-US --num-raster-threads=4 --enable-main-frame-before-activation --renderer-client-id=5 --time-ticks-at-unix-epoch=-1728656618030267 --launch-time-ticks=3691722342 --shared-files=v8_context_snapshot_data:100 --field-trial-handle=3,i,15083453265058289009,12209033392777356961,262144 --enable-features=kWebSQLAccess --disable-features=CalculateNativeWinOcclusion,SpareRendererForSitePerProcess --variations-seed-version --vscode-window-config=vscode:062a1674-2630-4939-876b-3cce58013c70",7088,3.7,3.6
"/snap/code/172/usr/share/code/code --type=gpu-process --disable-gpu-sandbox --no-sandbox --crashpad-handler-pid=7034 --enable-crash-reporter=f43a84bf-cb7d-40f5-a6b6-f2e9f32d4c29,no_channel --user-data-dir=/home/diego-campos/.config/Code --gpu-preferences=WAAAAAAAAAAgAAAEAAAAAAAAAAAAAAAAAABgAAAAAAA4AAAAAAAAAAAAAAAAAAAAAAAAAAAAAAAAAAAAAAAAAAAAAAABAAAAGAAAAAAAAAAYAAAAAAAAAAgAAAAAAAAACAAAAAAAAAAIAAAAAAAAAA== --use-gl=angle --use-angle=swiftshader-webgl --shared-files --field-trial-handle=3,i,15083453265058289009,12209033392777356961,262144 --enable-features=kWebSQLAccess --disable-features=CalculateNativeWinOcclusion,SpareRendererForSitePerProcess --variations-seed-version",7126,1.9,1.2
"/snap/code/172/usr/share/code/code --type=utility --utility-sub-type=node.mojom.NodeService --lang=en-US --service-sandbox-type=none --no-sandbox --crashpad-handler-pid=7034 --enable-crash-reporter=f43a84bf-cb7d-40f5-a6b6-f2e9f32d4c29,no_channel --user-data-dir=/home/diego-campos/.config/Code --standard-schemes=vscode-webview,vscode-file --secure-schemes=vscode-webview,vscode-file --cors-schemes=vscode-webview,vscode-file --fetch-schemes=vscode-webview,vscode-file --service-worker-schemes=vscode-webview --code-cache-schemes=vscode-webview,vscode-file --shared-files=v8_context_snapshot_data:100 --field-trial-handle=3,i,15083453265058289009,12209033392777356961,262144 --enable-features=kWebSQLAccess --disable-features=CalculateNativeWinOcclusion,SpareRendererForSitePerProcess --variations-seed-version",7153,0.3,1.2
"/snap/code/172/usr/share/code/code --type=utility --utility-sub-type=node.mojom.NodeService --lang=en-US --service-sandbox-type=none --no-sandbox --dns-result-order=ipv4first --inspect-port=0 --crashpad-handler-pid=7034 --enable-crash-reporter=f43a84bf-cb7d-40f5-a6b6-f2e9f32d4c29,no_channel --user-data-dir=/home/diego-campos/.config/Code --standard-schemes=vscode-webview,vscode-file --secure-schemes=vscode-webview,vscode-file --cors-schemes=vscode-webview,vscode-file --fetch-schemes=vscode-webview,vscode-file --service-worker-schemes=vscode-webview --code-cache-schemes=vscode-webview,vscode-file --shared-files=v8_context_snapshot_data:100 --field-trial-handle=3,i,15083453265058289009,12209033392777356961,262144 --enable-features=kWebSQLAccess --disable-features=CalculateNativeWinOcclusion,SpareRendererForSitePerProcess --variations-seed-version",7154,0.3,2.4
"/snap/code/172/usr/share/code/code --type=utility --utility-sub-type=node.mojom.NodeService --lang=en-US --service-sandbox-type=none --no-sandbox --crashpad-handler-pid=7034 --enable-crash-reporter=f43a84bf-cb7d-40f5-a6b6-f2e9f32d4c29,no_channel --user-data-dir=/home/diego-campos/.config/Code --standard-schemes=vscode-webview,vscode-file --secure-schemes=vscode-webview,vscode-file --cors-schemes=vscode-webview,vscode-file --fetch-schemes=vscode-webview,vscode-file --service-worker-schemes=vscode-webview --code-cache-schemes=vscode-webview,vscode-file --shared-files=v8_context_snapshot_data:100 --field-trial-handle=3,i,15083453265058289009,12209033392777356961,262144 --enable-features=kWebSQLAccess --disable-features=CalculateNativeWinOcclusion,SpareRendererForSitePerProcess --variations-seed-version",7178,0.0,1.3
"/snap/code/172/usr/share/code/code --type=utility --utility-sub-type=node.mojom.NodeService --lang=en-US --service-sandbox-type=none --no-sandbox --crashpad-handler-pid=7034 --enable-crash-reporter=f43a84bf-cb7d-40f5-a6b6-f2e9f32d4c29,no_channel --user-data-dir=/home/diego-campos/.config/Code --standard-schemes=vscode-webview,vscode-file --secure-schemes=vscode-webview,vscode-file --cors-schemes=vscode-webview,vscode-file --fetch-schemes=vscode-webview,vscode-file --service-worker-schemes=vscode-webview --code-cache-schemes=vscode-webview,vscode-file --shared-files=v8_context_snapshot_data:100 --field-trial-handle=3,i,15083453265058289009,12209033392777356961,262144 --enable-features=kWebSQLAccess --disable-features=CalculateNativeWinOcclusion,SpareRendererForSitePerProcess --variations-seed-version",7179,0.1,1.3
/snap/code/172/usr/share/code/code /home/diego-campos/.vscode/extensions/ms-python.vscode-pylance-2024.10.1/dist/server.bundle.js --cancellationReceive=file:36c88c32efb23dcb0143fd62698ab8baa89d1fa029 --node-ipc --clientProcessId=7154,7390,1.0,4.8
"/opt/google/chrome/chrome --type=renderer --crashpad-handler-pid=3355 --enable-crash-reporter=8b10cd0d-15a0-4234-8b4b-6bab8b94fc33, --no-subproc-heap-profiling --change-stack-guard-on-fork=enable --lang=pt-BR --num-raster-threads=4 --enable-main-frame-before-activation --renderer-client-id=8 --time-ticks-at-unix-epoch=-1728650763873607 --launch-time-ticks=4183413587 --shared-files=v8_context_snapshot_data:100 --field-trial-handle=3,i,1961645204210501973,13128361347025085384,262144 --disable-features=EyeDropper --variations-seed-version=20241010-050112.459000",8023,0.0,2.1
/usr/lib/rstudio/rstudio /home/diego-campos/Sptech/rstudio-2024.09.0-375-amd64.deb,9520,0.6,2.2
/usr/lib/rstudio/rstudio --type=zygote --no-zygote-sandbox,9524,0.0,0.6
/usr/lib/rstudio/rstudio --type=zygote,9525,0.0,0.6
/usr/lib/rstudio/rstudio --type=zygote,9527,0.0,0.1
"/usr/lib/rstudio/rstudio --type=utility --utility-sub-type=network.mojom.NetworkService --lang=pt-BR --service-sandbox-type=none --use-gl=desktop --enable-crash-reporter=243f41ad-da7c-4e1b-9073-0ef84ba552d1,no_channel --user-data-dir=/home/diego-campos/.config/rstudio --shared-files=v8_context_snapshot_data:100 --field-trial-handle=0,i,16480789634629902791,2226841079564049016,262144 --enable-features=kWebSQLAccess --disable-features=SpareRendererForSitePerProcess --variations-seed-version",9577,0.3,0.9
"/usr/lib/rstudio/rstudio --type=renderer --enable-crash-reporter=243f41ad-da7c-4e1b-9073-0ef84ba552d1,no_channel --user-data-dir=/home/diego-campos/.config/rstudio --app-path=/usr/lib/rstudio/resources/app --enable-sandbox --first-renderer-process --lang=pt-BR --num-raster-threads=4 --enable-main-frame-before-activation --renderer-client-id=4 --time-ticks-at-unix-epoch=-1728656618601585 --launch-time-ticks=6260631151 --shared-files=v8_context_snapshot_data:100 --field-trial-handle=0,i,16480789634629902791,2226841079564049016,262144 --enable-features=kWebSQLAccess --disable-features=SpareRendererForSitePerProcess --variations-seed-version --api-keys=desktopInfo|desktop|desktopMenuCallback",9594,2.4,3.3
"/usr/lib/rstudio/rstudio --type=gpu-process --enable-crash-reporter=243f41ad-da7c-4e1b-9073-0ef84ba552d1,no_channel --user-data-dir=/home/diego-campos/.config/rstudio --gpu-preferences=WAAAAAAAAAAgAAAEAAAAAAAAAAAAAAAAAABgAAAAAAA4AAAAAAAAAAAAAAAAAAAAAAAAAAAAAAAAAAAAAAAAAAAAAAABAAAAGAAAAAAAAAAYAAAAAAAAAAgAAAAAAAAACAAAAAAAAAAIAAAAAAAAAA== --use-gl=angle --use-angle=swiftshader-webgl --shared-files --field-trial-handle=0,i,16480789634629902791,2226841079564049016,262144 --enable-features=kWebSQLAccess --disable-features=SpareRendererForSitePerProcess --variations-seed-version",9623,0.6,1.3
/usr/bin/python3 /usr/bin/gnome-terminal --wait,13623,0.0,0.2
/usr/bin/gnome-terminal.real --wait,13626,0.0,0.3
/usr/libexec/gnome-terminal-server,13632,0.2,0.7
"/opt/google/chrome/chrome --type=renderer --crashpad-handler-pid=3355 --enable-crash-reporter=8b10cd0d-15a0-4234-8b4b-6bab8b94fc33, --no-subproc-heap-profiling --change-stack-guard-on-fork=enable --lang=pt-BR --num-raster-threads=4 --enable-main-frame-before-activation --renderer-client-id=113 --time-ticks-at-unix-epoch=-1728650763873607 --launch-time-ticks=7055111285 --shared-files=v8_context_snapshot_data:100 --field-trial-handle=3,i,1961645204210501973,13128361347025085384,262144 --disable-features=EyeDropper --variations-seed-version=20241010-050112.459000",13946,0.0,1.6
"/opt/google/chrome/chrome --type=renderer --crashpad-handler-pid=3355 --enable-crash-reporter=8b10cd0d-15a0-4234-8b4b-6bab8b94fc33, --no-subproc-heap-profiling --change-stack-guard-on-fork=enable --lang=pt-BR --num-raster-threads=4 --enable-main-frame-before-activation --renderer-client-id=114 --time-ticks-at-unix-epoch=-1728650763873607 --launch-time-ticks=7095763831 --shared-files=v8_context_snapshot_data:100 --field-trial-handle=3,i,1961645204210501973,13128361347025085384,262144 --disable-features=EyeDropper --variations-seed-version=20241010-050112.459000",13980,0.1,2.1
"/opt/google/chrome/chrome --type=renderer --crashpad-handler-pid=3355 --enable-crash-reporter=8b10cd0d-15a0-4234-8b4b-6bab8b94fc33, --no-subproc-heap-profiling --change-stack-guard-on-fork=enable --lang=pt-BR --num-raster-threads=4 --enable-main-frame-before-activation --renderer-client-id=21 --time-ticks-at-unix-epoch=-1728650763873607 --launch-time-ticks=7157992786 --shared-files=v8_context_snapshot_data:100 --field-trial-handle=3,i,1961645204210501973,13128361347025085384,262144 --disable-features=EyeDropper --variations-seed-version=20241010-050112.459000",14000,0.1,2.3
/usr/lib/rstudio/resources/app/bin/rsession --config-file none --program-mode desktop --www-port 27431 --launcher-token ca43f60c,14602,0.6,3.8
/usr/bin/gnome-calculator,16819,0.0,2.2
"/opt/google/chrome/chrome --type=renderer --crashpad-handler-pid=3355 --enable-crash-reporter=8b10cd0d-15a0-4234-8b4b-6bab8b94fc33, --extension-process --no-subproc-heap-profiling --change-stack-guard-on-fork=enable --lang=pt-BR --num-raster-threads=4 --enable-main-frame-before-activation --renderer-client-id=120 --time-ticks-at-unix-epoch=-1728650763873607 --launch-time-ticks=7616031407 --shared-files=v8_context_snapshot_data:100 --field-trial-handle=3,i,1961645204210501973,13128361347025085384,262144 --disable-features=EyeDropper --variations-seed-version=20241010-050112.459000",16874,0.1,1.7
"/opt/google/chrome/chrome --type=renderer --crashpad-handler-pid=3355 --enable-crash-reporter=8b10cd0d-15a0-4234-8b4b-6bab8b94fc33, --no-subproc-heap-profiling --change-stack-guard-on-fork=enable --lang=pt-BR --num-raster-threads=4 --enable-main-frame-before-activation --renderer-client-id=132 --time-ticks-at-unix-epoch=-1728650763873607 --launch-time-ticks=9221059658 --shared-files=v8_context_snapshot_data:100 --field-trial-handle=3,i,1961645204210501973,13128361347025085384,262144 --disable-features=EyeDropper --variations-seed-version=20241010-050112.459000",17828,0.5,2.3
"/opt/google/chrome/chrome --type=renderer --crashpad-handler-pid=3355 --enable-crash-reporter=8b10cd0d-15a0-4234-8b4b-6bab8b94fc33, --no-subproc-heap-profiling --change-stack-guard-on-fork=enable --lang=pt-BR --num-raster-threads=4 --enable-main-frame-before-activation --renderer-client-id=152 --time-ticks-at-unix-epoch=-1728650763873607 --launch-time-ticks=9621688479 --shared-files=v8_context_snapshot_data:100 --field-trial-handle=3,i,1961645204210501973,13128361347025085384,262144 --disable-features=EyeDropper --variations-seed-version=20241010-050112.459000",18132,0.2,1.7
[kworker/u16:19-events_unbound],18389,0.1,0.0
"/opt/google/chrome/chrome --type=renderer --crashpad-handler-pid=3355 --enable-crash-reporter=8b10cd0d-15a0-4234-8b4b-6bab8b94fc33, --no-subproc-heap-profiling --change-stack-guard-on-fork=enable --lang=pt-BR --num-raster-threads=4 --enable-main-frame-before-activation --renderer-client-id=168 --time-ticks-at-unix-epoch=-1728650763873607 --launch-time-ticks=10719734656 --shared-files=v8_context_snapshot_data:100 --field-trial-handle=3,i,1961645204210501973,13128361347025085384,262144 --disable-features=EyeDropper --variations-seed-version=20241010-050112.459000",18776,1.3,1.7
[kworker/u16:0-gfx_0.0.0],18789,0.2,0.0
"/opt/google/chrome/chrome --type=renderer --crashpad-handler-pid=3355 --enable-crash-reporter=8b10cd0d-15a0-4234-8b4b-6bab8b94fc33, --no-subproc-heap-profiling --change-stack-guard-on-fork=enable --lang=pt-BR --num-raster-threads=4 --enable-main-frame-before-activation --renderer-client-id=169 --time-ticks-at-unix-epoch=-1728650763873607 --launch-time-ticks=10723795592 --shared-files=v8_context_snapshot_data:100 --field-trial-handle=3,i,1961645204210501973,13128361347025085384,262144 --disable-features=EyeDropper --variations-seed-version=20241010-050112.459000",18792,0.1,1.5
"/opt/google/chrome/chrome --type=renderer --crashpad-handler-pid=3355 --enable-crash-reporter=8b10cd0d-15a0-4234-8b4b-6bab8b94fc33, --no-subproc-heap-profiling --change-stack-guard-on-fork=enable --lang=pt-BR --num-raster-threads=4 --enable-main-frame-before-activation --renderer-client-id=170 --time-ticks-at-unix-epoch=-1728650763873607 --launch-time-ticks=10723807151 --shared-files=v8_context_snapshot_data:100 --field-trial-handle=3,i,1961645204210501973,13128361347025085384,262144 --disable-features=EyeDropper --variations-seed-version=20241010-050112.459000",18798,0.4,1.6
"/opt/google/chrome/chrome --type=renderer --crashpad-handler-pid=3355 --enable-crash-reporter=8b10cd0d-15a0-4234-8b4b-6bab8b94fc33, --no-subproc-heap-profiling --change-stack-guard-on-fork=enable --lang=pt-BR --num-raster-threads=4 --enable-main-frame-before-activation --renderer-client-id=173 --time-ticks-at-unix-epoch=-1728650763873607 --launch-time-ticks=10769305821 --shared-files=v8_context_snapshot_data:100 --field-trial-handle=3,i,1961645204210501973,13128361347025085384,262144 --disable-features=EyeDropper --variations-seed-version=20241010-050112.459000",18878,0.0,0.8
/bin/python3 /home/diego-campos/Projetos/Main/SCRIPT PYTHON/processos.py,18986,85.7,0.1
